id,pattern_name,image_url,created_at
013c9254-2ea6-4bc0-b9ce-41ca781b20cf,B039,https://scxcuwjhjbkxvqmpywqs.supabase.co/storage/v1/object/public/product-images/patterns/1768961333573_B039.jpg,2026-01-21 02:08:53.055402+00
016468f1-92a1-4754-9e46-c4aa84bcaec6,C026,https://scxcuwjhjbkxvqmpywqs.supabase.co/storage/v1/object/public/product-images/patterns/1768961807099_C026.jpg,2026-01-21 02:16:46.808616+00
071c0282-7cb7-43fd-bd50-ee82dfbcafa5,B001,https://scxcuwjhjbkxvqmpywqs.supabase.co/storage/v1/object/public/product-images/patterns/1768961304573_B001.jpg,2026-01-21 02:08:26.606136+00
09281c48-d741-490f-9a48-9fdbdb7c03b7,C037,https://scxcuwjhjbkxvqmpywqs.supabase.co/storage/v1/object/public/product-images/patterns/1768961813457_C037.jpg,2026-01-21 02:16:53.074486+00
095b0bce-0ed6-43d9-b468-f07a9e7e5a78,B034,https://scxcuwjhjbkxvqmpywqs.supabase.co/storage/v1/object/public/product-images/patterns/1768961330774_B034.jpg,2026-01-21 02:08:50.430805+00
0ad8c444-cd3c-4333-b820-df71fce6b593,L003,https://scxcuwjhjbkxvqmpywqs.supabase.co/storage/v1/object/public/product-images/patterns/1768962118462_L003.jpg,2026-01-21 02:21:57.969224+00
0ddd904f-73e1-4abd-95f8-15905b1e1e81,L002,https://scxcuwjhjbkxvqmpywqs.supabase.co/storage/v1/object/public/product-images/patterns/1768962118025_L002.jpg,2026-01-21 02:21:57.505916+00
10048c28-586b-4c69-9437-31e9260ccce8,A013,https://scxcuwjhjbkxvqmpywqs.supabase.co/storage/v1/object/public/product-images/patterns/1768960209865_A013.jpg,2026-01-21 01:50:09.737382+00
124235d8-fef1-40f2-8366-4056d38ddb08,C020,https://scxcuwjhjbkxvqmpywqs.supabase.co/storage/v1/object/public/product-images/patterns/1768961803928_C020.jpg,2026-01-21 02:16:43.466341+00
1507107b-fffb-4daa-892e-4117e3eecfcd,B012,https://scxcuwjhjbkxvqmpywqs.supabase.co/storage/v1/object/public/product-images/patterns/1768961317804_B012.jpg,2026-01-21 02:08:37.48146+00
1541f483-8216-4bf2-9537-45f630eb0f9f,F001,https://scxcuwjhjbkxvqmpywqs.supabase.co/storage/v1/object/public/product-images/patterns/1768965983176_F001.jpg,2026-01-21 03:26:23.41277+00
163695a3-91f2-423c-a0d0-03c654d5396b,C032,https://scxcuwjhjbkxvqmpywqs.supabase.co/storage/v1/object/public/product-images/patterns/1768961810111_C032.jpg,2026-01-21 02:16:50.321419+00
171a09c7-7d60-43c0-a311-82f9103d5c8a,B028,https://scxcuwjhjbkxvqmpywqs.supabase.co/storage/v1/object/public/product-images/patterns/1768961327684_B028.jpg,2026-01-21 02:08:47.258179+00
18e841a3-c635-41ae-9d1c-034e161b3d93,C001,https://scxcuwjhjbkxvqmpywqs.supabase.co/storage/v1/object/public/product-images/patterns/1768961790748_C001.jpg,2026-01-21 02:16:31.973025+00
193552a3-a018-49fb-a78d-636567c4c1ae,G006,https://scxcuwjhjbkxvqmpywqs.supabase.co/storage/v1/object/public/product-images/patterns/1768962269828_G006.jpg,2026-01-21 02:24:29.25314+00
19b56cf3-4930-45c8-ba20-021dd1aee130,B037,https://scxcuwjhjbkxvqmpywqs.supabase.co/storage/v1/object/public/product-images/patterns/1768961332508_B037.jpg,2026-01-21 02:08:52.204812+00
1c5004cc-d4ea-426e-a528-a6d7f29085d5,B002,https://scxcuwjhjbkxvqmpywqs.supabase.co/storage/v1/object/public/product-images/patterns/1768961307638_B002.jpg,2026-01-21 02:08:27.682267+00
2209194f-0104-4c0b-a15f-03c400c21a63,A021,https://scxcuwjhjbkxvqmpywqs.supabase.co/storage/v1/object/public/product-images/patterns/1768960212630_A021.jpg,2026-01-21 01:50:12.332787+00
2279bffe-6fdb-4b5f-ad9e-c05228d04441,D007,https://scxcuwjhjbkxvqmpywqs.supabase.co/storage/v1/object/public/product-images/patterns/1768962020196_D007.jpg,2026-01-21 02:20:19.724878+00
23d21c90-9918-43e9-9421-3050f8f7c808,B030,https://scxcuwjhjbkxvqmpywqs.supabase.co/storage/v1/object/public/product-images/patterns/1768961328675_B030.jpg,2026-01-21 02:08:48.22738+00
264ae9d8-f93d-4569-86d6-5b9b73f28ccc,B035,https://scxcuwjhjbkxvqmpywqs.supabase.co/storage/v1/object/public/product-images/patterns/1768961331362_B035.jpg,2026-01-21 02:08:51.113057+00
26b390c0-c94c-4c78-b8d6-30c298aae19f,B027,https://scxcuwjhjbkxvqmpywqs.supabase.co/storage/v1/object/public/product-images/patterns/1768961327182_B027.jpg,2026-01-21 02:08:46.753793+00
26c753d7-94cd-4306-a3d0-4a21c06a3b01,B018,https://scxcuwjhjbkxvqmpywqs.supabase.co/storage/v1/object/public/product-images/patterns/1768961321862_B018.jpg,2026-01-21 02:08:41.609379+00
287e241a-72fd-4cff-9cf6-b2d1a67020b2,B016,https://scxcuwjhjbkxvqmpywqs.supabase.co/storage/v1/object/public/product-images/patterns/1768961320440_B016.jpg,2026-01-21 02:08:40.29077+00
2a23e610-8c41-465c-ab1e-14cbd365cd13,A006,https://scxcuwjhjbkxvqmpywqs.supabase.co/storage/v1/object/public/product-images/patterns/1768960204880_A006.jpg,2026-01-21 01:50:04.778902+00
2d076ef4-ba1a-4c93-a968-995097c09d59,C040,https://scxcuwjhjbkxvqmpywqs.supabase.co/storage/v1/object/public/product-images/patterns/1768961814875_C040.jpg,2026-01-21 02:16:54.46775+00
2d608c8d-9dba-4b48-923b-18e42950fa72,D004,https://scxcuwjhjbkxvqmpywqs.supabase.co/storage/v1/object/public/product-images/patterns/1768962018927_D004.jpg,2026-01-21 02:20:18.351233+00
31b1ed20-1aa1-44cf-a1b4-8ea31ab66b88,A024,https://scxcuwjhjbkxvqmpywqs.supabase.co/storage/v1/object/public/product-images/patterns/1768960214514_A024.jpg,2026-01-21 01:50:14.237813+00
32e952cf-b4e0-4ea6-a25d-5a1cae9b4931,C035,https://scxcuwjhjbkxvqmpywqs.supabase.co/storage/v1/object/public/product-images/patterns/1768961812465_C035.jpg,2026-01-21 02:16:51.964793+00
33281f44-84ca-47c3-8742-c4ead6b5560f,L004,https://scxcuwjhjbkxvqmpywqs.supabase.co/storage/v1/object/public/product-images/patterns/1768962118921_L004.jpg,2026-01-21 02:21:58.353601+00
35d90a81-9679-4349-973e-a46e6cad58e5,C008,https://scxcuwjhjbkxvqmpywqs.supabase.co/storage/v1/object/public/product-images/patterns/1768961797321_C008.jpg,2026-01-21 02:16:36.871046+00
35eac704-0dac-4c75-8200-704cfc00bf88,L005,https://scxcuwjhjbkxvqmpywqs.supabase.co/storage/v1/object/public/product-images/patterns/1768962119302_L005.jpg,2026-01-21 02:21:58.756409+00
3939ca58-97a4-4936-8244-ae2f4eb2a104,B025,https://scxcuwjhjbkxvqmpywqs.supabase.co/storage/v1/object/public/product-images/patterns/1768961326219_B025.jpg,2026-01-21 02:08:45.74977+00
39cfc312-fafa-48aa-b9db-a058065f1f78,B009,https://scxcuwjhjbkxvqmpywqs.supabase.co/storage/v1/object/public/product-images/patterns/1768961315379_B009.jpg,2026-01-21 02:08:35.424097+00
3a422d8d-da3c-4468-9c2a-71b3ec04224b,A029,https://scxcuwjhjbkxvqmpywqs.supabase.co/storage/v1/object/public/product-images/patterns/1768960215676_A029.jpg,2026-01-21 01:50:15.321235+00
3a9291ba-de46-4ae1-8844-b29083b07833,D008,https://scxcuwjhjbkxvqmpywqs.supabase.co/storage/v1/object/public/product-images/patterns/1768962020685_D008.jpg,2026-01-21 02:20:20.123544+00
3a9f1c90-66c4-41e6-ab0f-8cd1be593cde,B017,https://scxcuwjhjbkxvqmpywqs.supabase.co/storage/v1/object/public/product-images/patterns/1768961321242_B017.jpg,2026-01-21 02:08:40.930726+00
3ca81e2c-ad5a-4777-89b4-426909e2b765,C023,https://scxcuwjhjbkxvqmpywqs.supabase.co/storage/v1/object/public/product-images/patterns/1768961805475_C023.jpg,2026-01-21 02:16:44.971203+00
3d235a61-5e9c-42bd-880c-e0aeab757cdf,B032,https://scxcuwjhjbkxvqmpywqs.supabase.co/storage/v1/object/public/product-images/patterns/1768961329629_B032.jpg,2026-01-21 02:08:49.243012+00
3ee4f38c-c3cf-427c-b1ee-d3b4624e2edd,C021,https://scxcuwjhjbkxvqmpywqs.supabase.co/storage/v1/object/public/product-images/patterns/1768961804432_C021.jpg,2026-01-21 02:16:44.038677+00
3f66f56e-eb10-4f59-b81d-546e055206d9,C016,https://scxcuwjhjbkxvqmpywqs.supabase.co/storage/v1/object/public/product-images/patterns/1768961801847_C016.jpg,2026-01-21 02:16:41.602002+00
41b4a402-5b4c-416a-bcc9-3d3feac25b6a,A032,https://scxcuwjhjbkxvqmpywqs.supabase.co/storage/v1/object/public/product-images/patterns/1768960217391_A032.jpg,2026-01-21 01:50:17.065589+00
41c27e47-0ca3-4298-93c7-280c4d364a90,L001,https://scxcuwjhjbkxvqmpywqs.supabase.co/storage/v1/object/public/product-images/patterns/1768962117494_L001.jpg,2026-01-21 02:21:57.075041+00
43fcc2d8-d10f-4510-a026-8ff3a283bd47,B038,https://scxcuwjhjbkxvqmpywqs.supabase.co/storage/v1/object/public/product-images/patterns/1768961333140_B038.jpg,2026-01-21 02:08:52.637133+00
443b1dcd-81ca-4876-8fcb-877aa55dbddf,B029,https://scxcuwjhjbkxvqmpywqs.supabase.co/storage/v1/object/public/product-images/patterns/1768961328188_B029.jpg,2026-01-21 02:08:47.736769+00
45668504-90a8-412f-998e-2a1ce43c7add,G001,https://scxcuwjhjbkxvqmpywqs.supabase.co/storage/v1/object/public/product-images/patterns/1768962266654_G001.jpg,2026-01-21 02:24:26.936816+00
474d0557-4d84-4ffb-a0d0-efa5834132c8,A025,https://scxcuwjhjbkxvqmpywqs.supabase.co/storage/v1/object/public/product-images/patterns/1768960215115_A025.jpg,2026-01-21 01:50:14.802642+00
477d5b56-71e3-4cc0-81a6-d5184afad5bb,B013,https://scxcuwjhjbkxvqmpywqs.supabase.co/storage/v1/object/public/product-images/patterns/1768961318421_B013.jpg,2026-01-21 02:08:38.248779+00
490bfa1b-695c-4c04-8f1b-07967adb0578,C013,https://scxcuwjhjbkxvqmpywqs.supabase.co/storage/v1/object/public/product-images/patterns/1768961799934_C013.jpg,2026-01-21 02:16:39.497574+00
4969376a-9ddc-4c51-95b8-6f38b33c136a,G004,https://scxcuwjhjbkxvqmpywqs.supabase.co/storage/v1/object/public/product-images/patterns/1768962269010_G004.jpg,2026-01-21 02:24:28.46631+00
4a125221-ad21-4979-9971-ed65cb44863b,B026,https://scxcuwjhjbkxvqmpywqs.supabase.co/storage/v1/object/public/product-images/patterns/1768961326684_B026.jpg,2026-01-21 02:08:46.249114+00
4afee074-f8c6-4080-a13c-207618240bbe,A002,https://scxcuwjhjbkxvqmpywqs.supabase.co/storage/v1/object/public/product-images/patterns/1768960201438_A002.jpg,2026-01-21 01:50:01.254679+00
4ba2ec16-19aa-4719-9e90-56d6835186e2,F007,https://scxcuwjhjbkxvqmpywqs.supabase.co/storage/v1/object/public/product-images/patterns/1768965986962_F007.jpg,2026-01-21 03:26:26.555385+00
4bcd4f02-1dfd-49fd-8eb2-551483e78265,A005,https://scxcuwjhjbkxvqmpywqs.supabase.co/storage/v1/object/public/product-images/patterns/1768960204179_A005.jpg,2026-01-21 01:50:03.876428+00
4d64fd7d-cab9-42d9-a538-df848cbb4669,C006,https://scxcuwjhjbkxvqmpywqs.supabase.co/storage/v1/object/public/product-images/patterns/1768961796155_C006.jpg,2026-01-21 02:16:35.762853+00
4ec4b4c7-39f1-43bc-971f-e5bd43b031a0,C009,https://scxcuwjhjbkxvqmpywqs.supabase.co/storage/v1/object/public/product-images/patterns/1768961797854_C009.jpg,2026-01-21 02:16:37.529858+00
4fbaddf7-cdc0-44c3-8701-fc5b5903e45a,A004,https://scxcuwjhjbkxvqmpywqs.supabase.co/storage/v1/object/public/product-images/patterns/1768960203444_A004.jpg,2026-01-21 01:50:03.18441+00
548df3bc-1601-49d0-88ee-626a4ada242e,D010,https://scxcuwjhjbkxvqmpywqs.supabase.co/storage/v1/object/public/product-images/patterns/1768962021442_D010.jpg,2026-01-21 02:20:20.886115+00
5553b212-479c-4b2d-b6bf-beac155d0820,A030,https://scxcuwjhjbkxvqmpywqs.supabase.co/storage/v1/object/public/product-images/patterns/1768960216223_A030.jpg,2026-01-21 01:50:15.87603+00
5672674d-dbb5-4920-b3e5-ba73643223a1,A037,https://scxcuwjhjbkxvqmpywqs.supabase.co/storage/v1/object/public/product-images/patterns/1768960219948_A037.jpg,2026-01-21 01:50:19.530179+00
56a280f5-1972-4bad-a798-fc86a5930139,D005,https://scxcuwjhjbkxvqmpywqs.supabase.co/storage/v1/object/public/product-images/patterns/1768962019323_D005.jpg,2026-01-21 02:20:18.79586+00
581bde64-3f24-4808-b8a2-e65d64602e92,C025,https://scxcuwjhjbkxvqmpywqs.supabase.co/storage/v1/object/public/product-images/patterns/1768961806535_C025.jpg,2026-01-21 02:16:46.127603+00
5e6cd5c4-ba8d-4759-84e9-62d0ddda46a8,D002,https://scxcuwjhjbkxvqmpywqs.supabase.co/storage/v1/object/public/product-images/patterns/1768962018149_D002.jpg,2026-01-21 02:20:17.572761+00
5eb27342-a208-45a0-bce4-def3ca2243c1,B011,https://scxcuwjhjbkxvqmpywqs.supabase.co/storage/v1/object/public/product-images/patterns/1768961317164_B011.jpg,2026-01-21 02:08:36.858916+00
60cf831b-c98f-4761-acf8-7649ac930240,B033,https://scxcuwjhjbkxvqmpywqs.supabase.co/storage/v1/object/public/product-images/patterns/1768961330175_B033.jpg,2026-01-21 02:08:49.837724+00
63aa7e99-d83a-4f91-9902-a8696302759d,C015,https://scxcuwjhjbkxvqmpywqs.supabase.co/storage/v1/object/public/product-images/patterns/1768961801215_C015.jpg,2026-01-21 02:16:40.873793+00
63c26f0d-9dcc-4cbe-8526-ab1822b60f88,F004,https://scxcuwjhjbkxvqmpywqs.supabase.co/storage/v1/object/public/product-images/patterns/1768965985288_F004.jpg,2026-01-21 03:26:24.884869+00
6630e604-f8fb-4b82-a1f0-acb495ab45a4,B015,https://scxcuwjhjbkxvqmpywqs.supabase.co/storage/v1/object/public/product-images/patterns/1768961319799_B015.jpg,2026-01-21 02:08:39.496961+00
6b02a247-b50e-4de1-94aa-c6ae311a22ab,C034,https://scxcuwjhjbkxvqmpywqs.supabase.co/storage/v1/object/public/product-images/patterns/1768961811791_C034.jpg,2026-01-21 02:16:51.506771+00
6b2adc96-63de-4102-871d-79e43fc0e99b,B008,https://scxcuwjhjbkxvqmpywqs.supabase.co/storage/v1/object/public/product-images/patterns/1768961314700_B008.jpg,2026-01-21 02:08:34.433149+00
6c5df16a-4c66-4bbe-ab35-d4c2006692a1,C014,https://scxcuwjhjbkxvqmpywqs.supabase.co/storage/v1/object/public/product-images/patterns/1768961800449_C014.jpg,2026-01-21 02:16:40.211593+00
6caee3b5-cda4-4ba5-9c8c-03f2ae853acb,L008,https://scxcuwjhjbkxvqmpywqs.supabase.co/storage/v1/object/public/product-images/patterns/1768962120679_L008.jpg,2026-01-21 02:22:00.343881+00
6d852c7a-7e65-4689-a0b7-57a8b1867632,C003,https://scxcuwjhjbkxvqmpywqs.supabase.co/storage/v1/object/public/product-images/patterns/1768961793779_C003.jpg,2026-01-21 02:16:33.636727+00
6dd09da7-105d-4d33-9467-ac548ced6d03,F006,https://scxcuwjhjbkxvqmpywqs.supabase.co/storage/v1/object/public/product-images/patterns/1768965986301_F006.jpg,2026-01-21 03:26:26.087489+00
6f7139b4-f22a-4662-99c0-3c6e0eaee71c,A035,https://scxcuwjhjbkxvqmpywqs.supabase.co/storage/v1/object/public/product-images/patterns/1768960219002_A035.jpg,2026-01-21 01:50:18.611321+00
70432c59-3d4a-4b24-b172-63b31fe7c43e,D006,https://scxcuwjhjbkxvqmpywqs.supabase.co/storage/v1/object/public/product-images/patterns/1768962019754_D006.jpg,2026-01-21 02:20:19.23273+00
726330b7-7ce5-4112-9de9-503bb5744fbf,C029,https://scxcuwjhjbkxvqmpywqs.supabase.co/storage/v1/object/public/product-images/patterns/1768961808699_C029.jpg,2026-01-21 02:16:48.226993+00
741d09c7-85c6-45fa-adde-297fe48809ad,A003,https://scxcuwjhjbkxvqmpywqs.supabase.co/storage/v1/object/public/product-images/patterns/1768960202143_A003.jpg,2026-01-21 01:50:02.424072+00
7845961d-46ce-42e6-8fbe-74f67cc6fc2e,A038,https://scxcuwjhjbkxvqmpywqs.supabase.co/storage/v1/object/public/product-images/patterns/1768960220409_A038.jpg,2026-01-21 01:50:19.993983+00
78a3d47b-e447-4965-9715-72c0f93c4569,A001,https://scxcuwjhjbkxvqmpywqs.supabase.co/storage/v1/object/public/product-images/patterns/1768960200392_A001.jpg,2026-01-21 01:50:00.559963+00
7b2842a7-ee0c-4d57-a970-46791dd04bad,C019,https://scxcuwjhjbkxvqmpywqs.supabase.co/storage/v1/object/public/product-images/patterns/1768961803500_C019.jpg,2026-01-21 02:16:42.976228+00
7c087f22-fc23-40ab-9436-55c6f5ca728b,C024,https://scxcuwjhjbkxvqmpywqs.supabase.co/storage/v1/object/public/product-images/patterns/1768961805952_C024.jpg,2026-01-21 02:16:45.555599+00
81beedad-a4d8-486e-a5eb-a5a5da93186a,G002,https://scxcuwjhjbkxvqmpywqs.supabase.co/storage/v1/object/public/product-images/patterns/1768962267906_G002.jpg,2026-01-21 02:24:27.421241+00
82a04195-07fc-43fe-beef-15151374efc4,B005,https://scxcuwjhjbkxvqmpywqs.supabase.co/storage/v1/object/public/product-images/patterns/1768961309932_B005.jpg,2026-01-21 02:08:32.42412+00
846344d0-eeba-490f-a2c8-57042fb60905,C030,https://scxcuwjhjbkxvqmpywqs.supabase.co/storage/v1/object/public/product-images/patterns/1768961809172_C030.jpg,2026-01-21 02:16:48.720658+00
87c102d5-d7ed-4588-baee-f5a6127943bb,B024,https://scxcuwjhjbkxvqmpywqs.supabase.co/storage/v1/object/public/product-images/patterns/1768961325720_B024.jpg,2026-01-21 02:08:45.286608+00
8c8c80b4-b989-40aa-ae64-b8cace3baf5b,G003,https://scxcuwjhjbkxvqmpywqs.supabase.co/storage/v1/object/public/product-images/patterns/1768962268379_G003.jpg,2026-01-21 02:24:28.056539+00
8c9bfb2a-6bb8-4aef-9c53-1d95d5fa48f7,B040,https://scxcuwjhjbkxvqmpywqs.supabase.co/storage/v1/object/public/product-images/patterns/1768961333983_B040.jpg,2026-01-21 02:08:53.576562+00
8dd91f20-12a9-419e-ae2f-19ab6b79ada9,C007,https://scxcuwjhjbkxvqmpywqs.supabase.co/storage/v1/object/public/product-images/patterns/1768961796759_C007.jpg,2026-01-21 02:16:36.299382+00
8f81ba45-da68-4c95-9531-a330b690cab0,A031,https://scxcuwjhjbkxvqmpywqs.supabase.co/storage/v1/object/public/product-images/patterns/1768960216748_A031.jpg,2026-01-21 01:50:16.514586+00
935f2ab5-9d4c-4cdc-b365-f19d7969397f,C036,https://scxcuwjhjbkxvqmpywqs.supabase.co/storage/v1/object/public/product-images/patterns/1768961812911_C036.jpg,2026-01-21 02:16:52.486239+00
95e3dd5d-5877-407b-804f-74c1d013d549,B031,https://scxcuwjhjbkxvqmpywqs.supabase.co/storage/v1/object/public/product-images/patterns/1768961329170_B031.jpg,2026-01-21 02:08:48.698635+00
9a0af39d-c1d3-4618-a680-35aea0e8edd5,B021,https://scxcuwjhjbkxvqmpywqs.supabase.co/storage/v1/object/public/product-images/patterns/1768961323735_B021.jpg,2026-01-21 02:08:43.43548+00
9d396e0f-9fe0-42ec-8e43-2aa78f099250,B022,https://scxcuwjhjbkxvqmpywqs.supabase.co/storage/v1/object/public/product-images/patterns/1768961324368_B022.jpg,2026-01-21 02:08:44.128453+00
9d3d4df1-94b0-4a58-a91c-3245d3783fdd,L007,https://scxcuwjhjbkxvqmpywqs.supabase.co/storage/v1/object/public/product-images/patterns/1768962120083_L007.jpg,2026-01-21 02:21:59.719121+00
9d6a6113-8d59-4674-b6e5-a48365b670d2,B010,https://scxcuwjhjbkxvqmpywqs.supabase.co/storage/v1/object/public/product-images/patterns/1768961316378_B010.jpg,2026-01-21 02:08:36.231769+00
a1f76e33-8ae1-43f7-91a4-f9a63c0b0fbc,C012,https://scxcuwjhjbkxvqmpywqs.supabase.co/storage/v1/object/public/product-images/patterns/1768961799451_C012.jpg,2026-01-21 02:16:38.966377+00
a2648c17-943e-4045-a234-84b0c4964600,A008,https://scxcuwjhjbkxvqmpywqs.supabase.co/storage/v1/object/public/product-images/patterns/1768960206663_A008.jpg,2026-01-21 01:50:06.427846+00
a28bf6f7-a3a1-4fc5-94b4-7bf32ae651ee,A040,https://scxcuwjhjbkxvqmpywqs.supabase.co/storage/v1/object/public/product-images/patterns/1768960221371_A040.jpg,2026-01-21 01:50:20.981257+00
a6e482da-f1a1-40a7-aec6-3b8202a30a9f,B020,https://scxcuwjhjbkxvqmpywqs.supabase.co/storage/v1/object/public/product-images/patterns/1768961323160_B020.jpg,2026-01-21 02:08:42.803899+00
a90514ec-3daf-4d41-adf9-80399083848d,B006,https://scxcuwjhjbkxvqmpywqs.supabase.co/storage/v1/object/public/product-images/patterns/1768961313359_B006.jpg,2026-01-21 02:08:33.035802+00
aaf94144-cc98-4bfc-a8e1-61bc13f60864,B019,https://scxcuwjhjbkxvqmpywqs.supabase.co/storage/v1/object/public/product-images/patterns/1768961322543_B019.jpg,2026-01-21 02:08:42.212879+00
abdaabe0-b128-45ce-8a9a-458c6b259fd5,C033,https://scxcuwjhjbkxvqmpywqs.supabase.co/storage/v1/object/public/product-images/patterns/1768961811272_C033.jpg,2026-01-21 02:16:50.841077+00
acad7fbe-d608-46d5-b8d8-c8f2e5f74a4b,C031,https://scxcuwjhjbkxvqmpywqs.supabase.co/storage/v1/object/public/product-images/patterns/1768961809677_C031.jpg,2026-01-21 02:16:49.163262+00
ae12e72d-69e3-4e81-8d71-0cb9efc53a7a,C039,https://scxcuwjhjbkxvqmpywqs.supabase.co/storage/v1/object/public/product-images/patterns/1768961814446_C039.jpg,2026-01-21 02:16:53.928112+00
af63458d-cf8a-4635-bc5c-e628871ea14c,C002,https://scxcuwjhjbkxvqmpywqs.supabase.co/storage/v1/object/public/product-images/patterns/1768961792997_C002.jpg,2026-01-21 02:16:32.775117+00
b015612b-62df-42c0-a9a2-74799df7f2de,A023,https://scxcuwjhjbkxvqmpywqs.supabase.co/storage/v1/object/public/product-images/patterns/1768960213758_A023.jpg,2026-01-21 01:50:13.63137+00
b0ca0919-d7cf-423d-b2c2-048404798a32,F003,https://scxcuwjhjbkxvqmpywqs.supabase.co/storage/v1/object/public/product-images/patterns/1768965984785_F003.jpg,2026-01-21 03:26:24.413638+00
b3a04543-6d2d-4e69-abe5-4b360f55b3ea,D001,https://scxcuwjhjbkxvqmpywqs.supabase.co/storage/v1/object/public/product-images/patterns/1768962016902_D001.jpg,2026-01-21 02:20:17.18329+00
b6320587-7870-40f8-b185-1b30d29a5c76,F002,https://scxcuwjhjbkxvqmpywqs.supabase.co/storage/v1/object/public/product-images/patterns/1768965984293_F002.jpg,2026-01-21 03:26:23.91198+00
b9749f74-bb69-4b42-9a22-204f98e3bbb1,B023,https://scxcuwjhjbkxvqmpywqs.supabase.co/storage/v1/object/public/product-images/patterns/1768961325065_B023.jpg,2026-01-21 02:08:44.787556+00
ba84562c-1a06-4d26-a08c-2076a99e3927,C004,https://scxcuwjhjbkxvqmpywqs.supabase.co/storage/v1/object/public/product-images/patterns/1768961794638_C004.jpg,2026-01-21 02:16:34.405985+00
bae221d4-dfe0-4d7e-9fd4-aed738818a8c,A011,https://scxcuwjhjbkxvqmpywqs.supabase.co/storage/v1/object/public/product-images/patterns/1768960208707_A011.jpg,2026-01-21 01:50:08.368098+00
bc377c2b-d64b-458c-863f-b40631c4e024,C038,https://scxcuwjhjbkxvqmpywqs.supabase.co/storage/v1/object/public/product-images/patterns/1768961814023_C038.jpg,2026-01-21 02:16:53.493381+00
bc3821f9-0cb4-4ba4-b8c5-a1d04241d0b9,B004,https://scxcuwjhjbkxvqmpywqs.supabase.co/storage/v1/object/public/product-images/patterns/1768961309389_B004.jpg,2026-01-21 02:08:28.996503+00
be745685-7381-40f2-a267-7216f2db6de9,C018,https://scxcuwjhjbkxvqmpywqs.supabase.co/storage/v1/object/public/product-images/patterns/1768961803088_C018.jpg,2026-01-21 02:16:42.550076+00
c03993c0-44a2-420c-b925-d43e93e71183,A033,https://scxcuwjhjbkxvqmpywqs.supabase.co/storage/v1/object/public/product-images/patterns/1768960217942_A033.jpg,2026-01-21 01:50:17.654821+00
c0aff49e-4846-4171-a517-2bb0c1832f65,C027,https://scxcuwjhjbkxvqmpywqs.supabase.co/storage/v1/object/public/product-images/patterns/1768961807761_C027.jpg,2026-01-21 02:16:47.256217+00
c4ab1a6b-fa1f-4f87-b81d-af19fad03573,C010,https://scxcuwjhjbkxvqmpywqs.supabase.co/storage/v1/object/public/product-images/patterns/1768961798495_C010.jpg,2026-01-21 02:16:37.956558+00
c67872d1-b2c5-4d9a-8c8e-fec3c939a0b2,C005,https://scxcuwjhjbkxvqmpywqs.supabase.co/storage/v1/object/public/product-images/patterns/1768961795406_C005.jpg,2026-01-21 02:16:35.171675+00
d0fe6651-fcc4-415f-b1d2-78848e6972f7,C017,https://scxcuwjhjbkxvqmpywqs.supabase.co/storage/v1/object/public/product-images/patterns/1768961802584_C017.jpg,2026-01-21 02:16:42.124218+00
d0feba2d-c949-4cb5-8fd0-77d6a0efba73,B003,https://scxcuwjhjbkxvqmpywqs.supabase.co/storage/v1/object/public/product-images/patterns/1768961308650_B003.jpg,2026-01-21 02:08:28.450984+00
d412a7b4-bec5-4158-b185-d90f7b72d28d,D003,https://scxcuwjhjbkxvqmpywqs.supabase.co/storage/v1/object/public/product-images/patterns/1768962018531_D003.jpg,2026-01-21 02:20:17.958432+00
d773d202-ca3f-4663-a3ce-80c43bfe3047,C028,https://scxcuwjhjbkxvqmpywqs.supabase.co/storage/v1/object/public/product-images/patterns/1768961808203_C028.jpg,2026-01-21 02:16:47.73077+00
d7dc6ced-a039-444c-a284-49cca4639328,D009,https://scxcuwjhjbkxvqmpywqs.supabase.co/storage/v1/object/public/product-images/patterns/1768962021087_D009.jpg,2026-01-21 02:20:20.488775+00
d8aaffbc-3508-4aa6-961a-174c34cab33d,A036,https://scxcuwjhjbkxvqmpywqs.supabase.co/storage/v1/object/public/product-images/patterns/1768960219483_A036.jpg,2026-01-21 01:50:19.071079+00
d99d2151-fe5e-4cfc-b2ec-5f621b792e9d,G005,https://scxcuwjhjbkxvqmpywqs.supabase.co/storage/v1/object/public/product-images/patterns/1768962269427_G005.jpg,2026-01-21 02:24:28.874915+00
da3c3bba-6a93-48ac-bc5c-55edfa303045,F005,https://scxcuwjhjbkxvqmpywqs.supabase.co/storage/v1/object/public/product-images/patterns/1768965985761_F005.jpg,2026-01-21 03:26:25.422825+00
daedb467-446d-4518-84ac-5c9961853e6b,A012,https://scxcuwjhjbkxvqmpywqs.supabase.co/storage/v1/object/public/product-images/patterns/1768960209242_A012.jpg,2026-01-21 01:50:08.902339+00
db0f6d42-944c-4ea1-8c32-0278b77b000c,B007,https://scxcuwjhjbkxvqmpywqs.supabase.co/storage/v1/object/public/product-images/patterns/1768961313979_B007.jpg,2026-01-21 02:08:33.760252+00
dc347da4-9bc2-473c-bc94-7cd7f2b0e084,B014,https://scxcuwjhjbkxvqmpywqs.supabase.co/storage/v1/object/public/product-images/patterns/1768961319199_B014.jpg,2026-01-21 02:08:38.865032+00
e1f56aa1-05c1-48f9-be12-7d09beba9639,A039,https://scxcuwjhjbkxvqmpywqs.supabase.co/storage/v1/object/public/product-images/patterns/1768960220865_A039.jpg,2026-01-21 01:50:20.482514+00
e2050e50-b172-44f3-8a31-8c5949608ca6,A034,https://scxcuwjhjbkxvqmpywqs.supabase.co/storage/v1/object/public/product-images/patterns/1768960218533_A034.jpg,2026-01-21 01:50:18.129273+00
e5c5a59f-aec4-43f8-9253-138a4c4ba221,C022,https://scxcuwjhjbkxvqmpywqs.supabase.co/storage/v1/object/public/product-images/patterns/1768961805010_C022.jpg,2026-01-21 02:16:44.527432+00
eaa173ac-319f-483f-ab1e-ca65e183f5c0,B036,https://scxcuwjhjbkxvqmpywqs.supabase.co/storage/v1/object/public/product-images/patterns/1768961332047_B036.jpg,2026-01-21 02:08:51.574333+00
eaa4e703-1fc3-4da3-9cb7-37c4b923b446,A020,https://scxcuwjhjbkxvqmpywqs.supabase.co/storage/v1/object/public/product-images/patterns/1768960211845_A020.jpg,2026-01-21 01:50:11.733652+00
eae18ecc-9637-4763-bca7-7a1943224d33,A010,https://scxcuwjhjbkxvqmpywqs.supabase.co/storage/v1/object/public/product-images/patterns/1768960207874_A010.jpg,2026-01-21 01:50:07.818858+00
eda9cd5a-171d-484f-a889-24c66ff7cd77,A009,https://scxcuwjhjbkxvqmpywqs.supabase.co/storage/v1/object/public/product-images/patterns/1768960207311_A009.jpg,2026-01-21 01:50:06.997094+00
ef0d1b66-57dc-4bd7-a4f3-bf63e47c1889,A022,https://scxcuwjhjbkxvqmpywqs.supabase.co/storage/v1/object/public/product-images/patterns/1768960213229_A022.jpg,2026-01-21 01:50:12.874919+00
f31183b5-b4c9-415f-a016-9a995b9c4fdc,L006,https://scxcuwjhjbkxvqmpywqs.supabase.co/storage/v1/object/public/product-images/patterns/1768962119708_L006.jpg,2026-01-21 02:21:59.135276+00
f39d1baa-cafc-4ae3-ab16-7512295fdbc1,A019,https://scxcuwjhjbkxvqmpywqs.supabase.co/storage/v1/object/public/product-images/patterns/1768960210612_A019.jpg,2026-01-21 01:50:10.576826+00
f7e2ed6b-4913-4262-b8ab-c6c62e280a9c,C011,https://scxcuwjhjbkxvqmpywqs.supabase.co/storage/v1/object/public/product-images/patterns/1768961798919_C011.jpg,2026-01-21 02:16:38.484251+00
fe2e5664-f5c7-40eb-8fac-0824a52c10fb,A007,https://scxcuwjhjbkxvqmpywqs.supabase.co/storage/v1/object/public/product-images/patterns/1768960205752_A007.jpg,2026-01-21 01:50:05.779411+00